学号,姓名,班级,考试编号,考试名称,日期,总分,班级排名,题1,题2,题3,题4,题5,题6,题7,题8,题9,题10,题11,题12,题13,题14,题15,题16,题17,题18,题19,题20,题21,题22,题23,题24,题25,题26,题27,题28,题29,题30
,,,,,,,,矩阵的秩与线性相关性,凸函数性质与定义;向量内积与运算,优化问题与极值条件,凸函数性质与定义;梯度与偏导数,优化问题与极值条件;凸函数性质与定义;雅可比矩阵与黑塞矩阵;梯度与偏导数,优化问题与极值条件;雅可比矩阵与黑塞矩阵;矩阵基本概念;向量与标量概念,向量内积与运算;优化问题与极值条件,向量内积与运算;雅可比矩阵与黑塞矩阵,雅可比矩阵与黑塞矩阵,矩阵的秩与线性相关性;矩阵基本概念;梯度与偏导数,矩阵的秩与线性相关性;优化问题与极值条件,梯度与偏导数;凸函数性质与定义;向量内积与运算;矩阵的秩与线性相关性,向量内积与运算;凸函数性质与定义,矩阵乘法与逆矩阵;优化问题与极值条件,向量范数;矩阵乘法与逆矩阵,矩阵的秩与线性相关性,雅可比矩阵与黑塞矩阵;梯度与偏导数,梯度与偏导数,凸函数性质与定义;雅可比矩阵与黑塞矩阵,向量内积与运算;梯度与偏导数;雅可比矩阵与黑塞矩阵;矩阵基本概念,矩阵乘法与逆矩阵;梯度与偏导数,雅可比矩阵与黑塞矩阵;凸函数性质与定义,向量与标量概念;矩阵基本概念,向量范数;向量与标量概念;向量内积与运算;矩阵的秩与线性相关性,梯度与偏导数;雅可比矩阵与黑塞矩阵,雅可比矩阵与黑塞矩阵,向量内积与运算,雅可比矩阵与黑塞矩阵;优化问题与极值条件;矩阵乘法与逆矩阵,梯度与偏导数;矩阵乘法与逆矩阵,凸函数性质与定义;雅可比矩阵与黑塞矩阵
S20240011,张明,机器学习(1)班,E2026061601,机器学习数学基础测验,2026-06-16,89,2,0/3,3/3,3/3,0/3,3/3,3/3,0/3,0/3,0/3,0/3,3/3,3/3,0/3,3/3,0/3,4/4,4/4,0/4,2/4,4/4,3/4,2/4,4/4,1/4,3/4,4/10,10/10,10/10,10/10,7/10
S20240012,李华,机器学习(1)班,E2026061601,机器学习数学基础测验,2026-06-16,79,4,3/3,0/3,3/3,3/3,0/3,0/3,0/3,3/3,3/3,3/3,0/3,3/3,0/3,3/3,3/3,3/4,1/4,3/4,2/4,4/4,1/4,0/4,4/4,4/4,4/4,2/10,10/10,10/10,0/10,4/10
S20240013,王芳,机器学习(1)班,E2026061601,机器学习数学基础测验,2026-06-16,65,7,3/3,0/3,3/3,0/3,3/3,3/3,3/3,3/3,0/3,0/3,0/3,3/3,0/3,3/3,3/3,0/4,0/4,4/4,0/4,0/4,4/4,0/4,0/4,4/4,1/4,10/10,2/10,10/10,0/10,3/10
S20240014,赵强,机器学习(1)班,E2026061601,机器学习数学基础测验,2026-06-16,96,1,3/3,3/3,3/3,0/3,3/3,3/3,3/3,3/3,3/3,0/3,0/3,0/3,0/3,3/3,0/3,2/4,4/4,1/4,0/4,2/4,4/4,4/4,4/4,4/4,1/4,10/10,10/10,3/10,10/10,10/10
S20240015,陈静,机器学习(1)班,E2026061601,机器学习数学基础测验,2026-06-16,63,8,0/3,3/3,0/3,0/3,0/3,3/3,0/3,0/3,3/3,0/3,3/3,3/3,3/3,3/3,3/3,0/4,4/4,4/4,4/4,4/4,4/4,0/4,4/4,0/4,0/4,3/10,2/10,3/10,1/10,6/10
S20240016,刘洋,机器学习(1)班,E2026061601,机器学习数学基础测验,2026-06-16,56,9,3/3,0/3,0/3,3/3,3/3,0/3,0/3,0/3,3/3,0/3,0/3,3/3,0/3,3/3,3/3,0/4,0/4,4/4,0/4,4/4,0/4,3/4,4/4,1/4,0/4,4/10,3/10,2/10,0/10,10/10
S20240017,杨帆,机器学习(1)班,E2026061601,机器学习数学基础测验,2026-06-16,85,3,3/3,3/3,3/3,0/3,3/3,0/3,3/3,3/3,3/3,0/3,0/3,0/3,3/3,3/3,0/3,4/4,0/4,4/4,0/4,1/4,2/4,0/4,2/4,4/4,4/4,10/10,9/10,4/10,4/10,10/10
S20240018,黄丽,机器学习(1)班,E2026061601,机器学习数学基础测验,2026-06-16,45,10,0/3,0/3,3/3,0/3,0/3,0/3,0/3,3/3,3/3,0/3,0/3,3/3,0/3,3/3,0/3,0/4,1/4,0/4,0/4,4/4,0/4,0/4,4/4,0/4,4/4,3/10,0/10,0/10,4/10,10/10
S20240019,周磊,机器学习(1)班,E2026061601,机器学习数学基础测验,2026-06-16,78,5,3/3,3/3,3/3,0/3,0/3,0/3,0/3,3/3,3/3,3/3,3/3,3/3,0/3,3/3,0/3,0/4,0/4,4/4,4/4,4/4,1/4,4/4,4/4,4/4,0/4,10/10,2/10,10/10,0/10,4/10
S20240020,吴婷,机器学习(1)班,E2026061601,机器学习数学基础测验,2026-06-16,78,6,0/3,0/3,3/3,0/3,3/3,0/3,3/3,0/3,3/3,0/3,3/3,3/3,0/3,3/3,0/3,1/4,4/4,4/4,0/4,0/4,0/4,4/4,1/4,4/4,4/4,4/10,10/10,10/10,1/10,10/10
S20240021,郑伟,机器学习(2)班,E2026061601,机器学习数学基础测验,2026-06-16,96,2,0/3,3/3,3/3,3/3,3/3,3/3,0/3,3/3,3/3,0/3,3/3,3/3,3/3,3/3,3/3,3/4,0/4,4/4,0/4,0/4,4/4,4/4,4/4,4/4,3/4,2/10,2/10,10/10,10/10,10/10
S20240022,孙悦,机器学习(2)班,E2026061601,机器学习数学基础测验,2026-06-16,91,3,3/3,0/3,3/3,3/3,3/3,3/3,3/3,0/3,3/3,0/3,0/3,3/3,3/3,3/3,3/3,1/4,0/4,1/4,4/4,4/4,4/4,4/4,0/4,1/4,0/4,10/10,10/10,8/10,1/10,10/10
S20240023,马超,机器学习(2)班,E2026061601,机器学习数学基础测验,2026-06-16,97,1,3/3,3/3,0/3,3/3,0/3,3/3,3/3,0/3,3/3,3/3,3/3,3/3,3/3,0/3,3/3,2/4,0/4,2/4,4/4,4/4,4/4,4/4,4/4,2/4,1/4,4/10,10/10,10/10,10/10,3/10
S20240024,朱敏,机器学习(2)班,E2026061601,机器学习数学基础测验,2026-06-16,48,9,0/3,0/3,3/3,0/3,0/3,0/3,0/3,3/3,0/3,3/3,0/3,0/3,3/3,0/3,0/3,0/4,0/4,0/4,4/4,4/4,0/4,4/4,2/4,4/4,4/4,0/10,2/10,2/10,0/10,10/10
S20240025,胡浩,机器学习(2)班,E2026061601,机器学习数学基础测验,2026-06-16,86,4,3/3,0/3,3/3,0/3,3/3,0/3,3/3,3/3,3/3,3/3,3/3,0/3,0/3,0/3,3/3,4/4,4/4,0/4,4/4,4/4,0/4,4/4,3/4,4/4,4/4,2/10,2/10,4/10,10/10,10/10
S20240026,林燕,机器学习(2)班,E2026061601,机器学习数学基础测验,2026-06-16,64,7,0/3,0/3,0/3,0/3,0/3,3/3,3/3,0/3,3/3,0/3,0/3,3/3,3/3,0/3,0/3,1/4,4/4,0/4,4/4,0/4,3/4,0/4,1/4,4/4,4/4,10/10,2/10,3/10,10/10,3/10
S20240027,何飞,机器学习(2)班,E2026061601,机器学习数学基础测验,2026-06-16,72,6,3/3,3/3,0/3,3/3,3/3,0/3,3/3,3/3,3/3,3/3,3/3,0/3,3/3,0/3,0/3,4/4,3/4,0/4,4/4,4/4,4/4,4/4,4/4,0/4,0/4,3/10,10/10,1/10,1/10,0/10
S20240028,郭雪,机器学习(2)班,E2026061601,机器学习数学基础测验,2026-06-16,45,10,3/3,0/3,0/3,3/3,0/3,0/3,3/3,0/3,0/3,3/3,0/3,0/3,0/3,0/3,3/3,1/4,1/4,0/4,4/4,2/4,0/4,4/4,0/4,0/4,1/4,3/10,10/10,2/10,2/10,0/10
S20240029,徐刚,机器学习(2)班,E2026061601,机器学习数学基础测验,2026-06-16,83,5,3/3,3/3,0/3,3/3,3/3,3/3,3/3,0/3,3/3,0/3,0/3,0/3,3/3,3/3,0/3,4/4,1/4,0/4,0/4,3/4,4/4,4/4,2/4,4/4,4/4,8/10,0/10,4/10,9/10,9/10
S20240030,梁欣,机器学习(2)班,E2026061601,机器学习数学基础测验,2026-06-16,49,8,3/3,0/3,0/3,3/3,0/3,3/3,3/3,0/3,0/3,0/3,0/3,3/3,3/3,3/3,0/3,1/4,0/4,4/4,0/4,0/4,1/4,0/4,0/4,4/4,0/4,10/10,4/10,2/10,1/10,1/10
